code,code,decimal_point,name,pre_close,sec,sse,volunit
000001,000001,2,上证指数,2686.5783691406,index_cn,sh,100
000002,000002,2,Ａ股指数,2813.4226074219,index_cn,sh,100
000003,000003,2,Ｂ股指数,282.646697998,index_cn,sh,100
000004,000004,2,工业指数,2176.173828125,index_cn,sh,100
000005,000005,2,商业指数,2341.7651367188,index_cn,sh,100
000006,000006,2,地产指数,5754.7973632812,index_cn,sh,100
000007,000007,2,公用指数,4642.4638671875,index_cn,sh,100
000008,000008,2,综合指数,2511.6193847656,index_cn,sh,100
000009,000009,2,上证380,4279.5068359375,index_cn,sh,100
000010,000010,2,上证180,7206.4072265625,index_cn,sh,100
000011,000011,2,基金指数,5677.5415039062,index_cn,sh,100
000012,000012,2,国债指数,166.5803985596,index_cn,sh,100
000013,000013,2,企债指数,221.5388031006,index_cn,sh,100
000015,000015,2,红利指数,2549.1181640625,index_cn,sh,100
000016,000016,2,上证50,2415.3115234375,index_cn,sh,100
000017,000017,2,新综指,2268.0251464844,index_cn,sh,100
000018,000018,2,180金融,4576.6279296875,index_cn,sh,100
000019,000019,2,治理指数,919.9302978516,index_cn,sh,100
000020,000020,2,中型综指,916.7077026367,index_cn,sh,100
000021,000021,2,180治理,860.0471191406,index_cn,sh,100
000022,000022,2,沪公司债,188.666595459,index_cn,sh,100
000025,000025,2,180基建,1662.2274169922,index_cn,sh,100
000026,000026,2,180资源,2299.3317871094,index_cn,sh,100
000027,000027,2,180运输,929.9990234375,index_cn,sh,100
000028,000028,2,180成长,2866.5717773438,index_cn,sh,100
000029,000029,2,180价值,3659.2238769531,index_cn,sh,100
000030,000030,2,180R成长,1756.5487060547,index_cn,sh,100
000031,000031,2,180R价值,2636.9729003906,index_cn,sh,100
000032,000032,2,上证能源,1453.0599365234,index_cn,sh,100
000033,000033,2,上证材料,1814.9265136719,index_cn,sh,100
000034,000034,2,上证工业,1842.9923095703,index_cn,sh,100
000035,000035,2,上证可选,2223.6301269531,index_cn,sh,100
000036,000036,2,上证消费,7570.9067382812,index_cn,sh,100
000037,000037,2,上证医药,6140.5317382812,index_cn,sh,100
000038,000038,2,上证金融,4529.4399414062,index_cn,sh,100
000039,000039,2,上证信息,2836.3439941406,index_cn,sh,100
000040,000040,2,上证电信,2718.4829101562,index_cn,sh,100
000041,000041,2,上证公用,1845.7573242188,index_cn,sh,100
000042,000042,2,上证央企,1401.9649658203,index_cn,sh,100
000043,000043,2,超大盘,2122.3291015625,index_cn,sh,100
000044,000044,2,上证中盘,2937.5078125,index_cn,sh,100
000045,000045,2,上证小盘,3589.3491210938,index_cn,sh,100
000046,000046,2,上证中小,3250.7175292969,index_cn,sh,100
000047,000047,2,上证全指,2773.0107421875,index_cn,sh,100
000048,000048,2,责任指数,1267.8747558594,index_cn,sh,100
000049,000049,2,上证民企,1433.5511474609,index_cn,sh,100
000050,000050,2,50等权,2032.3037109375,index_cn,sh,100
000051,000051,2,180等权,7084.3950195312,index_cn,sh,100
000052,000052,2,50基本,2704.080078125,index_cn,sh,100
000053,000053,2,180基本,9778.61328125,index_cn,sh,100
000054,000054,2,上证海外,1156.7470703125,index_cn,sh,100
000055,000055,2,上证地企,965.0985107422,index_cn,sh,100
000056,000056,2,上证国企,903.7075805664,index_cn,sh,100
000057,000057,2,全指成长,3268.4125976562,index_cn,sh,100
000058,000058,2,全指价值,3669.671875,index_cn,sh,100
000059,000059,2,全R成长,2366.73046875,index_cn,sh,100
000060,000060,2,全R价值,3120.9582519531,index_cn,sh,100
000061,000061,2,沪企债30,149.3025970459,index_cn,sh,100
000062,000062,2,上证沪企,1899.3735351562,index_cn,sh,100
000063,000063,2,上证周期,2842.796875,index_cn,sh,100
000064,000064,2,非周期,2467.5498046875,index_cn,sh,100
000065,000065,2,上证龙头,2786.4294433594,index_cn,sh,100
000066,000066,2,上证商品,1588.2369384766,index_cn,sh,100
000067,000067,2,上证新兴,6143.990234375,index_cn,sh,100
000068,000068,2,上证资源,1737.9415283203,index_cn,sh,100
000069,000069,2,消费80,3996.0920410156,index_cn,sh,100
000070,000070,2,能源等权,2072.5463867188,index_cn,sh,100
000071,000071,2,材料等权,2690.4343261719,index_cn,sh,100
000072,000072,2,工业等权,2334.6208496094,index_cn,sh,100
000073,000073,2,可选等权,2164.7648925781,index_cn,sh,100
000074,000074,2,消费等权,5464.7446289062,index_cn,sh,100
000075,000075,2,医药等权,7243.7661132812,index_cn,sh,100
000076,000076,2,金融等权,4290.2231445312,index_cn,sh,100
000077,000077,2,信息等权,3423.7722167969,index_cn,sh,100
000078,000078,2,电信等权,2138.7224121094,index_cn,sh,100
000079,000079,2,公用等权,1780.9205322266,index_cn,sh,100
000090,000090,2,上证流通,971.1685180664,index_cn,sh,100
000091,000091,2,沪财中小,7114.4892578125,index_cn,sh,100
000092,000092,2,资源50,2275.4641113281,index_cn,sh,100
000093,000093,2,180分层,8626.97265625,index_cn,sh,100
000094,000094,2,上证上游,1990.7009277344,index_cn,sh,100
000095,000095,2,上证中游,2350.9829101562,index_cn,sh,100
000096,000096,2,上证下游,3442.7709960938,index_cn,sh,100
000097,000097,2,高端装备,5698.0278320312,index_cn,sh,100
000098,000098,2,上证F200,4003.2438964844,index_cn,sh,100
000099,000099,2,上证F300,5605.1528320312,index_cn,sh,100
000100,000100,2,上证F500,4391.39453125,index_cn,sh,100
000101,000101,2,5年信用,188.1412963867,index_cn,sh,100
000102,000102,2,沪投资品,3440.4287109375,index_cn,sh,100
000103,000103,2,沪消费品,7140.5219726562,index_cn,sh,100
000104,000104,2,380能源,1155.541015625,index_cn,sh,100
000105,000105,2,380材料,3578.9370117188,index_cn,sh,100
000106,000106,2,380工业,4098.9990234375,index_cn,sh,100
000107,000107,2,380可选,4004.5620117188,index_cn,sh,100
000108,000108,2,380消费,7862.19921875,index_cn,sh,100
000109,000109,2,380医药,9012.505859375,index_cn,sh,100
000110,000110,2,380金融,3324.0734863281,index_cn,sh,100
000111,000111,2,380信息,4380.7001953125,index_cn,sh,100
000112,000112,2,380电信,6792.0771484375,index_cn,sh,100
000113,000113,2,380公用,1751.7917480469,index_cn,sh,100
000114,000114,2,持续产业,894.1751098633,index_cn,sh,100
000115,000115,2,380等权,5543.88671875,index_cn,sh,100
000116,000116,2,信用100,177.1372070312,index_cn,sh,100
000117,000117,2,380成长,4597.1948242188,index_cn,sh,100
000118,000118,2,380价值,6732.0209960938,index_cn,sh,100
000119,000119,2,380R成长,3510.2795410156,index_cn,sh,100
000120,000120,2,380R价值,5218.9213867188,index_cn,sh,100
000121,000121,2,医药主题,8732.9208984375,index_cn,sh,100
000122,000122,2,农业主题,1078.2043457031,index_cn,sh,100
000123,000123,2,180动态,5483.5600585938,index_cn,sh,100
000125,000125,2,180稳定,8809.6943359375,index_cn,sh,100
000126,000126,2,消费50,6158.1787109375,index_cn,sh,100
000128,000128,2,380基本,5495.0805664062,index_cn,sh,100
000129,000129,2,180波动,11226.169921875,index_cn,sh,100
000130,000130,2,380波动,8033.060546875,index_cn,sh,100
000131,000131,2,上证高新,1286.2612304688,index_cn,sh,100
000132,000132,2,上证100,4876.7387695312,index_cn,sh,100
000133,000133,2,上证150,3687.22265625,index_cn,sh,100
000134,000134,2,上证银行,774.9598999023,index_cn,sh,100
000135,000135,2,180高贝,4805.0854492188,index_cn,sh,100
000136,000136,2,180低贝,8325.37890625,index_cn,sh,100
000137,000137,2,380高贝,3754.310546875,index_cn,sh,100
000138,000138,2,380低贝,4926.3408203125,index_cn,sh,100
000139,000139,2,上证转债,265.2602844238,index_cn,sh,100
000141,000141,2,380动态,3004.8791503906,index_cn,sh,100
000142,000142,2,380稳定,5626.5415039062,index_cn,sh,100
000145,000145,2,优势资源,3067.3315429688,index_cn,sh,100
000146,000146,2,优势制造,4860.0307617188,index_cn,sh,100
000147,000147,2,优势消费,5854.1547851562,index_cn,sh,100
000148,000148,2,消费领先,6750.892578125,index_cn,sh,100
000149,000149,2,180红利,3307.7470703125,index_cn,sh,100
000150,000150,2,380红利,7217.2153320312,index_cn,sh,100
000151,000151,2,上国红利,1154.6197509766,index_cn,sh,100
000152,000152,2,上央红利,1821.5185546875,index_cn,sh,100
000153,000153,2,上民红利,2103.765625,index_cn,sh,100
000155,000155,2,市值百强,2406.33984375,index_cn,sh,100
000158,000158,2,上证环保,1073.9581298828,index_cn,sh,100
000159,000159,2,沪股通,2577.0739746094,index_cn,sh,100
000160,000160,2,沪新丝路,1298.89453125,index_cn,sh,100
000161,000161,2,沪中国造,1381.8959960938,index_cn,sh,100
000162,000162,2,沪互联+,2084.4719238281,index_cn,sh,100
000170,000170,2,50AH优选,4532.1787109375,index_cn,sh,100
000171,000171,2,新兴成指,1029.8537597656,index_cn,sh,100
000300,000300,2,沪深300,3236.5661621094,index_cn,sh,100
000802,000802,2,500沪市,4831.8813476562,index_cn,sh,100
000805,000805,2,A股资源,3503.7980957031,index_cn,sh,100
000806,000806,2,消费服务,6754.6157226562,index_cn,sh,100
000807,000807,2,食品饮料,12066.2314453125,index_cn,sh,100
000808,000808,2,医药生物,8953.419921875,index_cn,sh,100
000814,000814,2,细分医药,8938.70703125,index_cn,sh,100
000816,000816,2,细分地产,5260.953125,index_cn,sh,100
000819,000819,2,有色金属,3483.2390136719,index_cn,sh,100
000821,000821,2,300红利,5053.7797851562,index_cn,sh,100
000823,000823,2,800有色,3450.7165527344,index_cn,sh,100
000827,000827,2,中证环保,1170.0012207031,index_cn,sh,100
000828,000828,2,300高贝,2043.6143798828,index_cn,sh,100
000832,000832,2,中证转债,280.7019042969,index_cn,sh,100
000833,000833,2,中高企债,178.6026000977,index_cn,sh,100
000841,000841,2,800医药,9183.2392578125,index_cn,sh,100
000842,000842,2,800等权,4618.2690429688,index_cn,sh,100
000846,000846,2,ESG 10,1024.2735595703,index_cn,sh,100
000847,000847,2,腾讯济安,1885.19921875,index_cn,sh,100
000849,000849,2,300非银,8036.2001953125,index_cn,sh,100
000850,000850,2,300有色,2767.6293945312,index_cn,sh,100
000851,000851,2,百发100,10309.294921875,index_cn,sh,100
000852,000852,2,中证1000,4958.1645507812,index_cn,sh,100
000853,000853,2,CSSW丝路,1523.7590332031,index_cn,sh,100
000854,000854,2,500原料,3700.0969238281,index_cn,sh,100
000855,000855,2,央视500,1047.5777587891,index_cn,sh,100
000856,000856,2,500工业,3915.4006347656,index_cn,sh,100
000857,000857,2,500医药,10185.732421875,index_cn,sh,100
000858,000858,2,500信息,5426.1318359375,index_cn,sh,100
000863,000863,2,CS精准医,2284.4658203125,index_cn,sh,100
000865,000865,2,上海国企,1360.7604980469,index_cn,sh,100
000867,000867,2,港中小企,3212.7026367188,index_cn,sh,100
000869,000869,2,HK银行,3267.3459472656,index_cn,sh,100
000891,000891,2,新兴综指,1019.717590332,index_cn,sh,100
000901,000901,2,小康指数,4708.8271484375,index_cn,sh,100
000903,000903,2,中证100,3389.4621582031,index_cn,sh,100
000904,000904,2,中证200,3274.3256835938,index_cn,sh,100
000905,000905,2,中证500,4721.2119140625,index_cn,sh,100
000906,000906,2,中证800,3483.6140136719,index_cn,sh,100
000908,000908,2,300能源,1778.4019775391,index_cn,sh,100
000909,000909,2,300材料,1972.8286132812,index_cn,sh,100
000910,000910,2,300工业,1977.4353027344,index_cn,sh,100
000911,000911,2,300可选,4498.595703125,index_cn,sh,100
000912,000912,2,300消费,12161.5654296875,index_cn,sh,100
000913,000913,2,300医药,9561.396484375,index_cn,sh,100
000914,000914,2,300金融,5372.9477539062,index_cn,sh,100
000917,000917,2,300公用,1791.0764160156,index_cn,sh,100
000918,000918,2,300成长,3640.1818847656,index_cn,sh,100
000919,000919,2,300价值,4319.4443359375,index_cn,sh,100
000922,000922,2,中证红利,3893.6389160156,index_cn,sh,100
000925,000925,2,基本面50,3890.6118164062,index_cn,sh,100
000928,000928,2,中证能源,1919.015625,index_cn,sh,100
000931,000931,2,中证可选,4217.5541992188,index_cn,sh,100
000932,000932,2,中证消费,10284.0849609375,index_cn,sh,100
000933,000933,2,中证医药,9232.9736328125,index_cn,sh,100
000934,000934,2,中证金融,5173.5356445312,index_cn,sh,100
000935,000935,2,中证信息,3378.390625,index_cn,sh,100
000939,000939,2,民企200,1390.6140136719,index_cn,sh,100
000940,000940,2,财富大盘,4351.8876953125,index_cn,sh,100
000944,000944,2,内地资源,2262.5739746094,index_cn,sh,100
000950,000950,2,300基建,1826.5986328125,index_cn,sh,100
000951,000951,2,300银行,5414.865234375,index_cn,sh,100
000952,000952,2,300地产,7267.8334960938,index_cn,sh,100
000957,000957,2,300运输,1228.3306884766,index_cn,sh,100
000958,000958,2,创业成长,929.7882080078,index_cn,sh,100
000959,000959,2,银河99,5826.3647460938,index_cn,sh,100
000961,000961,2,中证上游,2195.3447265625,index_cn,sh,100
000963,000963,2,中证下游,4620.8725585938,index_cn,sh,100
000964,000964,2,中证新兴,6614.6108398438,index_cn,sh,100
000966,000966,2,基本400,5344.673828125,index_cn,sh,100
000969,000969,2,300非周,3524.3312988281,index_cn,sh,100
000971,000971,2,等权90,2327.9091796875,index_cn,sh,100
000974,000974,2,800金融,5294.1450195312,index_cn,sh,100
000975,000975,2,钱江30,1043.0804443359,index_cn,sh,100
000977,000977,2,内地低碳,994.5114135742,index_cn,sh,100
000978,000978,2,医药100,11488.2646484375,index_cn,sh,100
000979,000979,2,大宗商品,3357.4467773438,index_cn,sh,100
000982,000982,2,500等权,5601.0815429688,index_cn,sh,100
000983,000983,2,智能资产,7648.2451171875,index_cn,sh,100
000984,000984,2,300等权,3347.1357421875,index_cn,sh,100
000986,000986,2,全指能源,1739.2026367188,index_cn,sh,100
000987,000987,2,全指材料,2566.7219238281,index_cn,sh,100
000989,000989,2,全指可选,4064.1044921875,index_cn,sh,100
000990,000990,2,全指消费,9163.2197265625,index_cn,sh,100
000991,000991,2,全指医药,8680.6474609375,index_cn,sh,100
000992,000992,2,全指金融,4942.8837890625,index_cn,sh,100
000993,000993,2,全指信息,4378.0576171875,index_cn,sh,100
000998,000998,2,中证TMT,1514.31640625,index_cn,sh,100
395001,395001,2,主板Ａ股,463.0,index_cn,sz,100
395002,395002,2,主板Ｂ股,288.0,index_cn,sz,100
395003,395003,2,中小板,913.0,index_cn,sz,100
395004,395004,2,创业板,730.0,index_cn,sz,100
395005,395005,2,存托凭证,5.877471754e-39,index_cn,sz,100
395011,395011,2,封闭基金,32768.5,index_cn,sz,100
395012,395012,2,ＬＯＦｓ,240.0,index_cn,sz,100
395013,395013,2,ＥＴＦｓ,384.0,index_cn,sz,100
395014,395014,2,分级基金,226.0,index_cn,sz,100
395021,395021,2,可 转 债,368.0,index_cn,sz,100
395022,395022,2,企业债,264.0,index_cn,sz,100
395024,395024,2,公司债,535.0,index_cn,sz,100
395031,395031,2,国债,2895.0,index_cn,sz,100
395032,395032,2,债券回购,264.0,index_cn,sz,100
395041,395041,2,股票权证,5.877471754e-39,index_cn,sz,100
395099,395099,2,总 成 交,2154.0,index_cn,sz,100
399001,399001,2,深证成指,8163.759765625,index_cn,sz,100
399002,399002,2,深成指R,9863.5244140625,index_cn,sz,100
399003,399003,2,成份Ｂ指,5290.2841796875,index_cn,sz,100
399004,399004,2,深证100R,4233.025390625,index_cn,sz,100
399005,399005,2,中小板指,5555.9624023438,index_cn,sz,100
399006,399006,2,创业板指,1391.2790527344,index_cn,sz,100
399007,399007,2,深证300,3418.3901367188,index_cn,sz,100
399008,399008,2,中小300,1082.5665283203,index_cn,sz,100
399009,399009,2,深证200,3428.9333496094,index_cn,sz,100
399010,399010,2,深证700,5185.7778320312,index_cn,sz,100
399011,399011,2,深证1000,3924.5629882812,index_cn,sz,100
399012,399012,2,创业300,2066.0893554688,index_cn,sz,100
399013,399013,2,深市精选,3693.5698242188,index_cn,sz,100
399015,399015,2,中小创新,1690.2562255859,index_cn,sz,100
399016,399016,2,深证创新,2434.5217285156,index_cn,sz,100
399017,399017,2,SME创新,2059.0244140625,index_cn,sz,100
399018,399018,2,创业创新,2699.1708984375,index_cn,sz,100
399050,399050,2,创新引擎,1737.9045410156,index_cn,sz,100
399100,399100,2,新 指 数,6414.7485351562,index_cn,sz,100
399101,399101,2,中小板综,8352.744140625,index_cn,sz,100
399102,399102,2,创业板综,1703.7404785156,index_cn,sz,100
399103,399103,2,乐富指数,4981.0302734375,index_cn,sz,100
399106,399106,2,深证综指,1413.5667724609,index_cn,sz,100
399107,399107,2,深证Ａ指,1477.8610839844,index_cn,sz,100
399108,399108,2,深证Ｂ指,958.7528076172,index_cn,sz,100
399231,399231,2,农林指数,996.473815918,index_cn,sz,100
399232,399232,2,采矿指数,1584.1689453125,index_cn,sz,100
399233,399233,2,制造指数,1547.9034423828,index_cn,sz,100
399234,399234,2,水电指数,683.333190918,index_cn,sz,100
399235,399235,2,建筑指数,1281.3443603516,index_cn,sz,100
399236,399236,2,批零指数,1452.7950439453,index_cn,sz,100
399237,399237,2,运输指数,990.07421875,index_cn,sz,100
399238,399238,2,餐饮指数,1130.9593505859,index_cn,sz,100
399239,399239,2,IT指数,1456.6696777344,index_cn,sz,100
399240,399240,2,金融指数,819.7327880859,index_cn,sz,100
399241,399241,2,地产指数,2286.6962890625,index_cn,sz,100
399242,399242,2,商务指数,1146.1005859375,index_cn,sz,100
399243,399243,2,科研指数,1432.9510498047,index_cn,sz,100
399244,399244,2,公共指数,932.3920898438,index_cn,sz,100
399248,399248,2,文化指数,1053.1544189453,index_cn,sz,100
399249,399249,2,综企指数,509.0723876953,index_cn,sz,100
399297,399297,2,新浪100,2456.5219726562,index_cn,sz,100
399298,399298,2,深信中高,160.3056030273,index_cn,sz,100
399299,399299,2,深信中低,174.4649047852,index_cn,sz,100
399300,399300,2,沪深300,3236.5661621094,index_cn,sz,100
399301,399301,2,深信用债,163.2823944092,index_cn,sz,100
399302,399302,2,深公司债,166.4777069092,index_cn,sz,100
399303,399303,2,国证2000,5490.82421875,index_cn,sz,100
399306,399306,2,深证ETF,987.2880859375,index_cn,sz,100
399307,399307,2,深证转债,174.7926940918,index_cn,sz,100
399310,399310,2,国证50,4936.1962890625,index_cn,sz,100
399311,399311,2,国证1000,3242.7893066406,index_cn,sz,100
399312,399312,2,国证300,3614.9216308594,index_cn,sz,100
399313,399313,2,巨潮100,3752.9775390625,index_cn,sz,100
399314,399314,2,巨潮大盘,3379.0649414062,index_cn,sz,100
399315,399315,2,巨潮中盘,3241.7758789062,index_cn,sz,100
399316,399316,2,巨潮小盘,3600.4809570312,index_cn,sz,100
399317,399317,2,国证Ａ指,3737.7453613281,index_cn,sz,100
399318,399318,2,国证Ｂ指,4100.5634765625,index_cn,sz,100
399319,399319,2,资源优势,1531.8120117188,index_cn,sz,100
399320,399320,2,国证服务,1785.9338378906,index_cn,sz,100
399321,399321,2,国证红利,5310.8178710938,index_cn,sz,100
399322,399322,2,国证治理,6776.9716796875,index_cn,sz,100
399324,399324,2,深证红利,6689.4985351562,index_cn,sz,100
399326,399326,2,成长40,3570.7915039062,index_cn,sz,100
399328,399328,2,深证治理,7135.2236328125,index_cn,sz,100
399330,399330,2,深证100,3357.5544433594,index_cn,sz,100
399333,399333,2,中小板R,6173.1572265625,index_cn,sz,100
399335,399335,2,深证央企,3514.7333984375,index_cn,sz,100
399337,399337,2,深证民营,3366.6069335938,index_cn,sz,100
399339,399339,2,深证科技,4327.1137695312,index_cn,sz,100
399341,399341,2,深证责任,1267.0245361328,index_cn,sz,100
399344,399344,2,深证300R,4041.826171875,index_cn,sz,100
399346,399346,2,深证成长,2914.7375488281,index_cn,sz,100
399348,399348,2,深证价值,4674.1635742188,index_cn,sz,100
399350,399350,2,皖江30,1342.9943847656,index_cn,sz,100
399351,399351,2,深报指数,5905.4545898438,index_cn,sz,100
399352,399352,2,深报综指,5927.5737304688,index_cn,sz,100
399353,399353,2,国证物流,2276.6127929688,index_cn,sz,100
399354,399354,2,分析师指,5307.9418945312,index_cn,sz,100
399355,399355,2,长三角,3106.0300292969,index_cn,sz,100
399356,399356,2,珠三角,7344.1845703125,index_cn,sz,100
399357,399357,2,环渤海,2677.5654296875,index_cn,sz,100
399358,399358,2,泰达指数,2750.9348144531,index_cn,sz,100
399359,399359,2,国证基建,2401.609375,index_cn,sz,100
399360,399360,2,新硬件,3280.4665527344,index_cn,sz,100
399361,399361,2,国证商业,5082.1689453125,index_cn,sz,100
399362,399362,2,国证民营,4714.541015625,index_cn,sz,100
399363,399363,2,计算机指,3547.7890625,index_cn,sz,100
399364,399364,2,中金消费,6173.857421875,index_cn,sz,100
399365,399365,2,国证农业,7350.1108398438,index_cn,sz,100
399366,399366,2,国证大宗,1814.9879150391,index_cn,sz,100
399367,399367,2,巨潮地产,5016.2983398438,index_cn,sz,100
399368,399368,2,国证军工,5508.1850585938,index_cn,sz,100
399369,399369,2,CBN-兴全,1264.5657958984,index_cn,sz,100
399370,399370,2,国证成长,3102.3366699219,index_cn,sz,100
399371,399371,2,国证价值,5382.8608398438,index_cn,sz,100
399372,399372,2,大盘成长,2983.2573242188,index_cn,sz,100
399373,399373,2,大盘价值,6511.4604492188,index_cn,sz,100
399374,399374,2,中盘成长,3409.1889648438,index_cn,sz,100
399375,399375,2,中盘价值,4596.37109375,index_cn,sz,100
399376,399376,2,小盘成长,4071.4541015625,index_cn,sz,100
399377,399377,2,小盘价值,5064.0688476562,index_cn,sz,100
399378,399378,2,南方低碳,2004.8095703125,index_cn,sz,100
399379,399379,2,国证基金,5723.5991210938,index_cn,sz,100
399380,399380,2,国证ETF,1147.8186035156,index_cn,sz,100
399381,399381,2,1000能源,2267.7805175781,index_cn,sz,100
399382,399382,2,1000材料,2031.0008544922,index_cn,sz,100
399383,399383,2,1000工业,1959.2844238281,index_cn,sz,100
399384,399384,2,1000可选,2889.1042480469,index_cn,sz,100
399385,399385,2,1000消费,6656.689453125,index_cn,sz,100
399386,399386,2,1000医药,5816.5947265625,index_cn,sz,100
399387,399387,2,1000金融,4143.2690429688,index_cn,sz,100
399388,399388,2,1000信息,2918.2189941406,index_cn,sz,100
399389,399389,2,国证通信,3254.8852539062,index_cn,sz,100
399390,399390,2,1000公用,2055.7333984375,index_cn,sz,100
399391,399391,2,投资时钟,2124.0888671875,index_cn,sz,100
399392,399392,2,国证新兴,1908.0045166016,index_cn,sz,100
399393,399393,2,国证地产,5373.0131835938,index_cn,sz,100
399394,399394,2,国证医药,8715.6279296875,index_cn,sz,100
399395,399395,2,国证有色,3245.4091796875,index_cn,sz,100
399396,399396,2,国证食品,11705.8212890625,index_cn,sz,100
399397,399397,2,OCT文化,1730.4233398438,index_cn,sz,100
399398,399398,2,绩效指数,6826.2290039062,index_cn,sz,100
399399,399399,2,中经GDP,5735.3959960938,index_cn,sz,100
399400,399400,2,大中盘,2791.2751464844,index_cn,sz,100
399401,399401,2,中小盘,3098.3916015625,index_cn,sz,100
399402,399402,2,周期100,2486.0461425781,index_cn,sz,100
399403,399403,2,防御100,5618.5981445312,index_cn,sz,100
399404,399404,2,大盘低波,5193.30078125,index_cn,sz,100
399405,399405,2,大盘高贝,1605.6932373047,index_cn,sz,100
399406,399406,2,中盘低波,9279.685546875,index_cn,sz,100
399407,399407,2,中盘高贝,1967.6715087891,index_cn,sz,100
399408,399408,2,小盘低波,9642.7822265625,index_cn,sz,100
399409,399409,2,小盘高贝,3287.0288085938,index_cn,sz,100
399410,399410,2,苏州率先,1691.8973388672,index_cn,sz,100
399411,399411,2,红利100,2631.5756835938,index_cn,sz,100
399412,399412,2,国证新能,1503.1318359375,index_cn,sz,100
399413,399413,2,国证转债,104.8197021484,index_cn,sz,100
399415,399415,2,I100,4662.1630859375,index_cn,sz,100
399416,399416,2,I300,3009.2241210938,index_cn,sz,100
399417,399417,2,新能源车,1664.9642333984,index_cn,sz,100
399418,399418,2,国证国安,2496.6201171875,index_cn,sz,100
399419,399419,2,国证高铁,1570.2996826172,index_cn,sz,100
399420,399420,2,国证保证,1025.3863525391,index_cn,sz,100
399422,399422,2,中关村A,2429.4677734375,index_cn,sz,100
399423,399423,2,中关村50,2210.6359863281,index_cn,sz,100
399427,399427,2,专利领先,2119.4565429688,index_cn,sz,100
399428,399428,2,国证定增,2079.7312011719,index_cn,sz,100
399429,399429,2,新丝路,1049.5465087891,index_cn,sz,100
399431,399431,2,国证银行,5760.6948242188,index_cn,sz,100
399432,399432,2,国证汽车,2847.8317871094,index_cn,sz,100
399433,399433,2,国证交运,1609.2746582031,index_cn,sz,100
399434,399434,2,国证传媒,2011.6273193359,index_cn,sz,100
399435,399435,2,国证农牧,2575.314453125,index_cn,sz,100
399436,399436,2,国证煤炭,2517.1782226562,index_cn,sz,100
399437,399437,2,国证证券,4066.8747558594,index_cn,sz,100
399438,399438,2,国证电力,1743.7736816406,index_cn,sz,100
399439,399439,2,国证油气,1798.5153808594,index_cn,sz,100
399440,399440,2,国证钢铁,1410.0914306641,index_cn,sz,100
399441,399441,2,生物医药,2427.4743652344,index_cn,sz,100
399481,399481,2,企债指数,127.2892990112,index_cn,sz,100
399550,399550,2,央视50,5800.7573242188,index_cn,sz,100
399551,399551,2,央视创新,5570.587890625,index_cn,sz,100
399552,399552,2,央视成长,6275.6499023438,index_cn,sz,100
399553,399553,2,央视回报,4722.0283203125,index_cn,sz,100
399554,399554,2,央视治理,5810.5698242188,index_cn,sz,100
399555,399555,2,央视责任,3845.2238769531,index_cn,sz,100
399556,399556,2,央视生态,1409.9350585938,index_cn,sz,100
399557,399557,2,央视文化,1376.8836669922,index_cn,sz,100
399602,399602,2,中小成长,933.1016845703,index_cn,sz,100
399604,399604,2,中小价值,1138.3743896484,index_cn,sz,100
399606,399606,2,创业板R,1457.4158935547,index_cn,sz,100
399608,399608,2,科技100,1967.0732421875,index_cn,sz,100
399610,399610,2,TMT50,3993.8923339844,index_cn,sz,100
399611,399611,2,中创100R,1607.2973632812,index_cn,sz,100
399612,399612,2,中创100,1474.0389404297,index_cn,sz,100
399613,399613,2,深证能源,2742.1049804688,index_cn,sz,100
399614,399614,2,深证材料,2270.3806152344,index_cn,sz,100
399615,399615,2,深证工业,2127.3723144531,index_cn,sz,100
399616,399616,2,深证可选,4606.5908203125,index_cn,sz,100
399617,399617,2,深证消费,7096.2924804688,index_cn,sz,100
399618,399618,2,深证医药,8745.888671875,index_cn,sz,100
399619,399619,2,深证金融,4180.9033203125,index_cn,sz,100
399620,399620,2,深证信息,2866.9089355469,index_cn,sz,100
399621,399621,2,深证电信,2752.5708007812,index_cn,sz,100
399622,399622,2,深证公用,1623.0144042969,index_cn,sz,100
399623,399623,2,中小基础,6000.1166992188,index_cn,sz,100
399624,399624,2,中创400,1494.9162597656,index_cn,sz,100
399625,399625,2,中创500,1362.1192626953,index_cn,sz,100
399626,399626,2,中创成长,1131.8455810547,index_cn,sz,100
399627,399627,2,中创价值,1413.3669433594,index_cn,sz,100
399628,399628,2,700成长,1550.2908935547,index_cn,sz,100
399629,399629,2,700价值,1733.9458007812,index_cn,sz,100
399630,399630,2,1000成长,1133.3502197266,index_cn,sz,100
399631,399631,2,1000价值,1490.8204345703,index_cn,sz,100
399632,399632,2,深100EW,3418.4829101562,index_cn,sz,100
399633,399633,2,深300EW,4120.6713867188,index_cn,sz,100
399634,399634,2,中小板EW,2909.2602539062,index_cn,sz,100
399635,399635,2,创业板EW,1427.8162841797,index_cn,sz,100
399636,399636,2,深证装备,2703.8430175781,index_cn,sz,100
399637,399637,2,深证地产,4261.546875,index_cn,sz,100
399638,399638,2,深证环保,2962.1740722656,index_cn,sz,100
399639,399639,2,深证大宗,1821.0975341797,index_cn,sz,100
399640,399640,2,创业基础,1361.9528808594,index_cn,sz,100
399641,399641,2,深证新兴,1477.5654296875,index_cn,sz,100
399642,399642,2,中小新兴,1412.2646484375,index_cn,sz,100
399643,399643,2,创业新兴,1590.205078125,index_cn,sz,100
399644,399644,2,深证时钟,2533.0439453125,index_cn,sz,100
399645,399645,2,100低波,7241.7045898438,index_cn,sz,100
399646,399646,2,深消费50,5606.1708984375,index_cn,sz,100
399647,399647,2,深医药50,8991.279296875,index_cn,sz,100
399648,399648,2,深证GDP,7508.5146484375,index_cn,sz,100
399649,399649,2,中小红利,2232.2626953125,index_cn,sz,100
399650,399650,2,中小治理,1703.8009033203,index_cn,sz,100
399651,399651,2,中小责任,1366.1605224609,index_cn,sz,100
399652,399652,2,中创高新,1870.7513427734,index_cn,sz,100
399653,399653,2,深证龙头,1676.0500488281,index_cn,sz,100
399654,399654,2,深证文化,2365.3842773438,index_cn,sz,100
399655,399655,2,深证绩效,6422.046875,index_cn,sz,100
399656,399656,2,100绩效,4231.6298828125,index_cn,sz,100
399657,399657,2,300绩效,4678.2919921875,index_cn,sz,100
399658,399658,2,中小绩效,3340.0930175781,index_cn,sz,100
399659,399659,2,深成指EW,3014.953125,index_cn,sz,100
399660,399660,2,中创EW,1796.7470703125,index_cn,sz,100
399661,399661,2,深证低波,4520.30859375,index_cn,sz,100
399662,399662,2,深证高贝,1346.6018066406,index_cn,sz,100
399663,399663,2,中小低波,1293.2099609375,index_cn,sz,100
399664,399664,2,中小高贝,833.3895263672,index_cn,sz,100
399665,399665,2,中创低波,1383.6297607422,index_cn,sz,100
399666,399666,2,中创高贝,1121.92578125,index_cn,sz,100
399667,399667,2,创业板G,1829.6889648438,index_cn,sz,100
399668,399668,2,创业板V,2129.2583007812,index_cn,sz,100
399669,399669,2,深证农业,6018.0864257812,index_cn,sz,100
399670,399670,2,深周期50,2278.5109863281,index_cn,sz,100
399671,399671,2,深防御50,5349.7915039062,index_cn,sz,100
399672,399672,2,深红利50,2902.61328125,index_cn,sz,100
399673,399673,2,创业板50,1163.4415283203,index_cn,sz,100
399674,399674,2,深A医药,1762.3498535156,index_cn,sz,100
399675,399675,2,深互联网,2460.2001953125,index_cn,sz,100
399676,399676,2,深医药EW,2221.2145996094,index_cn,sz,100
399677,399677,2,深互联EW,2954.5339355469,index_cn,sz,100
399678,399678,2,深次新股,772.5336303711,index_cn,sz,100
399679,399679,2,深证200R,3792.4929199219,index_cn,sz,100
399680,399680,2,深成能源,541.2025756836,index_cn,sz,100
399681,399681,2,深成材料,829.4658813477,index_cn,sz,100
399682,399682,2,深成工业,866.3286132812,index_cn,sz,100
399683,399683,2,深成可选,1348.3049316406,index_cn,sz,100
399684,399684,2,深成消费,1412.0107421875,index_cn,sz,100
399685,399685,2,深成医药,1756.8898925781,index_cn,sz,100
399686,399686,2,深成金融,1323.2706298828,index_cn,sz,100
399687,399687,2,深成信息,1881.7790527344,index_cn,sz,100
399688,399688,2,深成电信,1284.4594726562,index_cn,sz,100
399689,399689,2,深成公用,960.0625,index_cn,sz,100
399690,399690,2,中小专利,1466.2550048828,index_cn,sz,100
399691,399691,2,创业专利,2083.1401367188,index_cn,sz,100
399692,399692,2,创业低波,2150.3469238281,index_cn,sz,100
399693,399693,2,安防产业,2944.6333007812,index_cn,sz,100
399694,399694,2,创业高贝,2020.0463867188,index_cn,sz,100
399695,399695,2,深证节能,1974.3868408203,index_cn,sz,100
399696,399696,2,深证创投,1737.7502441406,index_cn,sz,100
399697,399697,2,中关村60,3440.5678710938,index_cn,sz,100
399698,399698,2,优势成长,13462.7275390625,index_cn,sz,100
399699,399699,2,金融科技,2726.9187011719,index_cn,sz,100
399701,399701,2,深证F60,5775.9243164062,index_cn,sz,100
399702,399702,2,深证F120,5404.8793945312,index_cn,sz,100
399703,399703,2,深证F200,5236.0131835938,index_cn,sz,100
399704,399704,2,深证上游,3293.9729003906,index_cn,sz,100
399705,399705,2,深证中游,1937.8094482422,index_cn,sz,100
399706,399706,2,深证下游,4486.1499023438,index_cn,sz,100
399707,399707,2,CSSW证券,4374.5815429688,index_cn,sz,100
399802,399802,2,500深市,4345.0478515625,index_cn,sz,100
399803,399803,2,工业4.0,1822.9205322266,index_cn,sz,100
399804,399804,2,中证体育,1239.1301269531,index_cn,sz,100
399805,399805,2,互联金融,2314.1469726562,index_cn,sz,100
399806,399806,2,环境治理,1541.4915771484,index_cn,sz,100
399807,399807,2,高铁产业,1470.8853759766,index_cn,sz,100
399808,399808,2,中证新能,1250.8770751953,index_cn,sz,100
399809,399809,2,保险主题,1970.1833496094,index_cn,sz,100
399810,399810,2,CSSW传媒,2418.5915527344,index_cn,sz,100
399811,399811,2,CSSW电子,2066.1154785156,index_cn,sz,100
399812,399812,2,养老产业,6684.28515625,index_cn,sz,100
399813,399813,2,中证国安,4182.974609375,index_cn,sz,100
399814,399814,2,大农业,929.8123779297,index_cn,sz,100
399817,399817,2,生态100,1256.8117675781,index_cn,sz,100
399901,399901,2,小康指数,4708.8271484375,index_cn,sz,100
399903,399903,2,中证100,3389.4621582031,index_cn,sz,100
399904,399904,2,中证 200,3274.3256835938,index_cn,sz,100
399905,399905,2,中证 500,4721.2119140625,index_cn,sz,100
399908,399908,2,300 能源,1778.4019775391,index_cn,sz,100
399909,399909,2,300 材料,1972.8286132812,index_cn,sz,100
399910,399910,2,300 工业,1977.4353027344,index_cn,sz,100
399911,399911,2,300 可选,4498.595703125,index_cn,sz,100
399912,399912,2,300 消费,12161.5654296875,index_cn,sz,100
399913,399913,2,300 医药,9561.396484375,index_cn,sz,100
399914,399914,2,300 金融,5372.9477539062,index_cn,sz,100
399917,399917,2,300 公用,1791.0764160156,index_cn,sz,100
399918,399918,2,300 成长,3640.1818847656,index_cn,sz,100
399919,399919,2,300 价值,4319.4443359375,index_cn,sz,100
399922,399922,2,中证红利,3893.6389160156,index_cn,sz,100
399925,399925,2,基本面50,3890.6118164062,index_cn,sz,100
399928,399928,2,中证能源,1919.015625,index_cn,sz,100
399931,399931,2,中证可选,4217.5541992188,index_cn,sz,100
399932,399932,2,中证消费,10284.0849609375,index_cn,sz,100
399933,399933,2,中证医药,9232.9736328125,index_cn,sz,100
399934,399934,2,中证金融,5173.5356445312,index_cn,sz,100
399935,399935,2,中证信息,3378.390625,index_cn,sz,100
399939,399939,2,民企200,1390.6140136719,index_cn,sz,100
399944,399944,2,内地资源,2262.5739746094,index_cn,sz,100
399950,399950,2,300基建,1826.5986328125,index_cn,sz,100
399951,399951,2,300银行,5414.865234375,index_cn,sz,100
399952,399952,2,300地产,7267.8334960938,index_cn,sz,100
399957,399957,2,300运输,1228.3306884766,index_cn,sz,100
399958,399958,2,创业成长,929.7882080078,index_cn,sz,100
399959,399959,2,军工指数,993.8779296875,index_cn,sz,100
399961,399961,2,中证上游,2195.3447265625,index_cn,sz,100
399963,399963,2,中证下游,4620.8725585938,index_cn,sz,100
399964,399964,2,中证新兴,6614.6108398438,index_cn,sz,100
399965,399965,2,800地产,5693.6088867188,index_cn,sz,100
399966,399966,2,800非银,4626.8022460938,index_cn,sz,100
399967,399967,2,中证军工,7635.5356445312,index_cn,sz,100
399969,399969,2,300非周,3524.3312988281,index_cn,sz,100
399970,399970,2,移动互联,1902.4466552734,index_cn,sz,100
399971,399971,2,中证传媒,1197.1538085938,index_cn,sz,100
399972,399972,2,300深市,3660.2448730469,index_cn,sz,100
399973,399973,2,中证国防,1128.6219482422,index_cn,sz,100
399974,399974,2,国企改革,1305.26171875,index_cn,sz,100
399975,399975,2,证券公司,536.4171142578,index_cn,sz,100
399976,399976,2,CS新能车,1521.9241943359,index_cn,sz,100
399977,399977,2,内地低碳,994.5114135742,index_cn,sz,100
399978,399978,2,医药100,11488.2646484375,index_cn,sz,100
399979,399979,2,大宗商品,3357.4467773438,index_cn,sz,100
399982,399982,2,500等权,5601.0815429688,index_cn,sz,100
399983,399983,2,地产等权,5985.2963867188,index_cn,sz,100
399986,399986,2,中证银行,5754.2392578125,index_cn,sz,100
399987,399987,2,中证酒,2893.5942382812,index_cn,sz,100
399989,399989,2,中证医疗,6874.5942382812,index_cn,sz,100
399990,399990,2,煤炭等权,1672.4162597656,index_cn,sz,100
399991,399991,2,一带一路,1369.7565917969,index_cn,sz,100
399992,399992,2,CSWD并购,1304.3605957031,index_cn,sz,100
399993,399993,2,CSWD生科,2347.2600097656,index_cn,sz,100
399994,399994,2,信息安全,1361.3608398438,index_cn,sz,100
399995,399995,2,基建工程,4209.671875,index_cn,sz,100
399996,399996,2,智能家居,2077.2065429688,index_cn,sz,100
399997,399997,2,中证白酒,4974.5561523438,index_cn,sz,100
399998,399998,2,中证煤炭,1280.4200439453,index_cn,sz,100
880001,880001,2,总市值,4663.58984375,index_cn,sh,100
880002,880002,2,流通市值,3763.7099609375,index_cn,sh,100
880003,880003,2,平均股价,1160.0500001907,index_cn,sh,100
880004,880004,2,成交均价,488.0349998474,index_cn,sh,100
880005,880005,2,涨跌家数,1770.0,index_cn,sh,100
880006,880006,2,停板家数,112.0,index_cn,sh,100
880007,880007,2,活筹市值,1936.8599853516,index_cn,sh,100
880011,880011,2,Ａ主总值,3454.080078125,index_cn,sh,100
880012,880012,2,Ａ主流通,2940.8000488281,index_cn,sh,100
880013,880013,2,Ａ主平均,968.029999733,index_cn,sh,100
880014,880014,2,Ａ主均价,440.0124998093,index_cn,sh,100
880015,880015,2,Ａ主涨跌,948.0,index_cn,sh,100
880016,880016,2,Ａ主停板,18.0,index_cn,sh,100
880017,880017,2,Ａ主活筹,1382.4799804688,index_cn,sh,100
880021,880021,2,中小总值,779.9299926758,index_cn,sh,100
880022,880022,2,中小流通,559.0399780273,index_cn,sh,100
880023,880023,2,中小平均,872.0450000763,index_cn,sh,100
880024,880024,2,中小均价,376.0225000381,index_cn,sh,100
880025,880025,2,中小涨跌,457.0,index_cn,sh,100
880026,880026,2,中小停板,264.0,index_cn,sh,100
880027,880027,2,中小活筹,353.2399902344,index_cn,sh,100
880031,880031,2,创业总值,429.5700073242,index_cn,sh,100
880032,880032,2,创业流通,263.8699951172,index_cn,sh,100
880033,880033,2,创业平均,2040.0124998093,index_cn,sh,100
880034,880034,2,创业均价,856.0375003815,index_cn,sh,100
880035,880035,2,创业涨跌,365.0,index_cn,sh,100
880036,880036,2,创业停板,520.0,index_cn,sh,100
880037,880037,2,创业活筹,201.1399993896,index_cn,sh,100
880201,880201,2,黑龙江,722.5999755859,index_cn,sh,100
880202,880202,2,新疆板块,745.1699829102,index_cn,sh,100
880203,880203,2,吉林板块,833.1699829102,index_cn,sh,100
880204,880204,2,甘肃板块,997.0800170898,index_cn,sh,100
880205,880205,2,辽宁板块,737.2600097656,index_cn,sh,100
880206,880206,2,青海板块,373.6600036621,index_cn,sh,100
880207,880207,2,北京板块,1223.5,index_cn,sh,100
880208,880208,2,陕西板块,821.1099853516,index_cn,sh,100
880209,880209,2,天津板块,756.9600219727,index_cn,sh,100
880210,880210,2,广西板块,729.0599975586,index_cn,sh,100
880211,880211,2,河北板块,763.1400146484,index_cn,sh,100
880212,880212,2,广东板块,1574.3800048828,index_cn,sh,100
880213,880213,2,河南板块,783.0200195312,index_cn,sh,100
880214,880214,2,宁夏板块,477.950012207,index_cn,sh,100
880215,880215,2,山东板块,1007.5599975586,index_cn,sh,100
880216,880216,2,上海板块,1201.4899902344,index_cn,sh,100
880217,880217,2,山西板块,587.450012207,index_cn,sh,100
880218,880218,2,深圳板块,1614.1999511719,index_cn,sh,100
880219,880219,2,湖北板块,1044.5699462891,index_cn,sh,100
880220,880220,2,福建板块,1296.0999755859,index_cn,sh,100
880221,880221,2,湖南板块,772.4400024414,index_cn,sh,100
880222,880222,2,江西板块,802.3699951172,index_cn,sh,100
880223,880223,2,四川板块,1038.5799560547,index_cn,sh,100
880224,880224,2,安徽板块,902.3499755859,index_cn,sh,100
880225,880225,2,重庆板块,929.6400146484,index_cn,sh,100
880226,880226,2,江苏板块,1194.1800537109,index_cn,sh,100
880227,880227,2,云南板块,741.0900268555,index_cn,sh,100
880228,880228,2,浙江板块,1282.3900146484,index_cn,sh,100
880229,880229,2,贵州板块,3153.8100585938,index_cn,sh,100
880230,880230,2,海南板块,689.299987793,index_cn,sh,100
880231,880231,2,西藏板块,523.799987793,index_cn,sh,100
880232,880232,2,内蒙板块,1023.2899780273,index_cn,sh,100
880301,880301,2,煤炭,553.5599975586,index_cn,sh,100
880302,880302,2,煤炭开采,555.3200073242,index_cn,sh,100
880303,880303,2,焦炭加工,529.6900024414,index_cn,sh,100
880305,880305,2,电力,1176.1800537109,index_cn,sh,100
880306,880306,2,水力发电,1405.4499511719,index_cn,sh,100
880307,880307,2,火力发电,1047.0799560547,index_cn,sh,100
880308,880308,2,新型电力,778.299987793,index_cn,sh,100
880310,880310,2,石油,953.0900268555,index_cn,sh,100
880311,880311,2,石油开采,824.4699707031,index_cn,sh,100
880312,880312,2,石油加工,1333.6899414062,index_cn,sh,100
880313,880313,2,石油贸易,1103.7399902344,index_cn,sh,100
880318,880318,2,钢铁,791.049987793,index_cn,sh,100
880319,880319,2,普钢,746.5800170898,index_cn,sh,100
880320,880320,2,特种钢,1260.7199707031,index_cn,sh,100
880321,880321,2,钢加工,683.799987793,index_cn,sh,100
880324,880324,2,有色,496.5700073242,index_cn,sh,100
880325,880325,2,铜,439.200012207,index_cn,sh,100
880326,880326,2,铝,519.299987793,index_cn,sh,100
880327,880327,2,铅锌,391.0100097656,index_cn,sh,100
880328,880328,2,黄金,498.549987793,index_cn,sh,100
880329,880329,2,小金属,585.3300170898,index_cn,sh,100
880330,880330,2,化纤,1396.4699707031,index_cn,sh,100
880335,880335,2,化工,969.2899780273,index_cn,sh,100
880336,880336,2,化工原料,1051.6999511719,index_cn,sh,100
880337,880337,2,农药化肥,859.0,index_cn,sh,100
880338,880338,2,塑料,760.4000244141,index_cn,sh,100
880339,880339,2,橡胶,816.4099731445,index_cn,sh,100
880340,880340,2,染料涂料,1545.3900146484,index_cn,sh,100
880344,880344,2,建材,952.3200073242,index_cn,sh,100
880345,880345,2,陶瓷,1702.7199707031,index_cn,sh,100
880346,880346,2,水泥,949.1199951172,index_cn,sh,100
880347,880347,2,玻璃,831.9699707031,index_cn,sh,100
880348,880348,2,其他建材,1207.0899658203,index_cn,sh,100
880350,880350,2,造纸,1009.950012207,index_cn,sh,100
880351,880351,2,矿物制品,1004.5700073242,index_cn,sh,100
880355,880355,2,日用化工,1074.4100341797,index_cn,sh,100
880360,880360,2,农林牧渔,979.9299926758,index_cn,sh,100
880361,880361,2,种植业,812.0599975586,index_cn,sh,100
880362,880362,2,渔业,540.7899780273,index_cn,sh,100
880363,880363,2,林业,1072.3100585938,index_cn,sh,100
880364,880364,2,饲料,1209.2900390625,index_cn,sh,100
880366,880366,2,农业综合,1096.5100097656,index_cn,sh,100
880367,880367,2,纺织服饰,932.2199707031,index_cn,sh,100
880368,880368,2,纺织,875.5300292969,index_cn,sh,100
880369,880369,2,服饰,955.8300170898,index_cn,sh,100
880372,880372,2,食品饮料,1710.5400390625,index_cn,sh,100
880373,880373,2,乳制品,2633.0500488281,index_cn,sh,100
880374,880374,2,软饮料,996.9899902344,index_cn,sh,100
880375,880375,2,食品,1487.0200195312,index_cn,sh,100
880380,880380,2,酿酒,2410.330078125,index_cn,sh,100
880381,880381,2,白酒,3047.6899414062,index_cn,sh,100
880382,880382,2,啤酒,625.3300170898,index_cn,sh,100
880383,880383,2,红黄酒,553.4699707031,index_cn,sh,100
880387,880387,2,家用电器,2304.7800292969,index_cn,sh,100
880390,880390,2,汽车类,1280.4499511719,index_cn,sh,100
880391,880391,2,汽车整车,1408.7199707031,index_cn,sh,100
880392,880392,2,汽车配件,1265.4799804688,index_cn,sh,100
880393,880393,2,汽车服务,694.799987793,index_cn,sh,100
880394,880394,2,摩托车,624.3499755859,index_cn,sh,100
880398,880398,2,医疗保健,2343.1201171875,index_cn,sh,100
880399,880399,2,家居用品,2040.3000488281,index_cn,sh,100
880400,880400,2,医药,1661.2700195312,index_cn,sh,100
880401,880401,2,化学制药,1588.2199707031,index_cn,sh,100
880402,880402,2,生物制药,2263.1499023438,index_cn,sh,100
880403,880403,2,中成药,1440.1600341797,index_cn,sh,100
880406,880406,2,商业连锁,882.3099975586,index_cn,sh,100
880407,880407,2,百货,756.9799804688,index_cn,sh,100
880408,880408,2,超市连锁,1009.9899902344,index_cn,sh,100
880409,880409,2,电器连锁,910.5200195312,index_cn,sh,100
880410,880410,2,医药商业,1491.7900390625,index_cn,sh,100
880411,880411,2,其他商业,720.950012207,index_cn,sh,100
880412,880412,2,商品城,492.4800109863,index_cn,sh,100
880413,880413,2,批发业,682.9000244141,index_cn,sh,100
880414,880414,2,商贸代理,765.5100097656,index_cn,sh,100
880418,880418,2,传媒娱乐,1002.4299926758,index_cn,sh,100
880419,880419,2,出版业,921.4799804688,index_cn,sh,100
880420,880420,2,影视音像,1077.1600341797,index_cn,sh,100
880421,880421,2,广告包装,1090.1400146484,index_cn,sh,100
880422,880422,2,文教休闲,1470.9499511719,index_cn,sh,100
880423,880423,2,酒店餐饮,901.5599975586,index_cn,sh,100
880424,880424,2,旅游,1742.6800537109,index_cn,sh,100
880425,880425,2,旅游服务,2616.4399414062,index_cn,sh,100
880426,880426,2,旅游景点,1075.8699951172,index_cn,sh,100
880430,880430,2,航空,1149.4100341797,index_cn,sh,100
880431,880431,2,船舶,479.299987793,index_cn,sh,100
880432,880432,2,运输设备,1404.2299804688,index_cn,sh,100
880437,880437,2,通用机械,728.4699707031,index_cn,sh,100
880438,880438,2,机床制造,518.5800170898,index_cn,sh,100
880439,880439,2,机械基件,767.9799804688,index_cn,sh,100
880440,880440,2,工业机械,1060.4899902344,index_cn,sh,100
880441,880441,2,化工机械,832.75,index_cn,sh,100
880442,880442,2,轻工机械,761.450012207,index_cn,sh,100
880443,880443,2,纺织机械,837.3400268555,index_cn,sh,100
880444,880444,2,农用机械,686.6599731445,index_cn,sh,100
880445,880445,2,专用机械,1402.9100341797,index_cn,sh,100
880446,880446,2,电气设备,757.2899780273,index_cn,sh,100
880447,880447,2,工程机械,534.3599853516,index_cn,sh,100
880448,880448,2,电器仪表,2191.5900878906,index_cn,sh,100
880452,880452,2,电信运营,1077.7399902344,index_cn,sh,100
880453,880453,2,公共交通,682.6699829102,index_cn,sh,100
880454,880454,2,水务,921.4099731445,index_cn,sh,100
880455,880455,2,供气供热,756.1400146484,index_cn,sh,100
880456,880456,2,环境保护,1313.9100341797,index_cn,sh,100
880459,880459,2,运输服务,788.7800292969,index_cn,sh,100
880460,880460,2,铁路,1244.5400390625,index_cn,sh,100
880461,880461,2,水运,532.1599731445,index_cn,sh,100
880462,880462,2,空运,740.1500244141,index_cn,sh,100
880463,880463,2,公路,821.1400146484,index_cn,sh,100
880464,880464,2,仓储物流,1724.75,index_cn,sh,100
880465,880465,2,交通设施,1382.25,index_cn,sh,100
880466,880466,2,路桥,1184.4100341797,index_cn,sh,100
880467,880467,2,机场,2679.8000488281,index_cn,sh,100
880468,880468,2,港口,1310.9000244141,index_cn,sh,100
880471,880471,2,银行,1710.3399658203,index_cn,sh,100
880472,880472,2,证券,981.8699951172,index_cn,sh,100
880473,880473,2,保险,1611.9599609375,index_cn,sh,100
880474,880474,2,多元金融,1342.1999511719,index_cn,sh,100
880476,880476,2,建筑,1208.5600585938,index_cn,sh,100
880477,880477,2,建筑工程,1245.2600097656,index_cn,sh,100
880478,880478,2,装修装饰,1020.9699707031,index_cn,sh,100
880482,880482,2,房地产,1310.5699462891,index_cn,sh,100
880483,880483,2,全国地产,1627.5899658203,index_cn,sh,100
880484,880484,2,区域地产,1021.5599975586,index_cn,sh,100
880485,880485,2,园区开发,1217.5899658203,index_cn,sh,100
880486,880486,2,房产服务,1328.0,index_cn,sh,100
880489,880489,2,IT设备,1299.1099853516,index_cn,sh,100
880490,880490,2,通信设备,1242.6099853516,index_cn,sh,100
880491,880491,2,半导体,989.549987793,index_cn,sh,100
880492,880492,2,元器件,1236.2700195312,index_cn,sh,100
880493,880493,2,软件服务,1791.7600097656,index_cn,sh,100
880494,880494,2,互联网,2091.0200195312,index_cn,sh,100
880497,880497,2,综合类,694.4099731445,index_cn,sh,100
880501,880501,2,含H股,1254.3399658203,index_cn,sh,100
880502,880502,2,含B股,975.2399902344,index_cn,sh,100
880503,880503,2,皖江区域,813.4299926758,index_cn,sh,100
880504,880504,2,长株潭,712.6699829102,index_cn,sh,100
880505,880505,2,稀缺资源,383.4100036621,index_cn,sh,100
880506,880506,2,5G概念,1149.2900390625,index_cn,sh,100
880507,880507,2,国防军工,978.450012207,index_cn,sh,100
880511,880511,2,承诺注资,846.5300292969,index_cn,sh,100
880513,880513,2,海峡西岸,1076.8299560547,index_cn,sh,100
880515,880515,2,通达信88,1550.0699462891,index_cn,sh,100
880516,880516,2,ST板块,997.0999755859,index_cn,sh,100
880519,880519,2,低碳经济,757.0700073242,index_cn,sh,100
880520,880520,2,智能电网,897.7100219727,index_cn,sh,100
880521,880521,2,黄金概念,541.7299804688,index_cn,sh,100
880522,880522,2,成渝特区,942.6199951172,index_cn,sh,100
880523,880523,2,黄河三角,1018.9899902344,index_cn,sh,100
880524,880524,2,含可转债,1016.8300170898,index_cn,sh,100
880525,880525,2,铁路基建,1235.9599609375,index_cn,sh,100
880526,880526,2,长三角,1252.7099609375,index_cn,sh,100
880527,880527,2,珠三角,2018.8000488281,index_cn,sh,100
880528,880528,2,环渤海,1219.5799560547,index_cn,sh,100
880529,880529,2,次新股,3528.1999511719,index_cn,sh,100
880530,880530,2,三网融合,1088.8699951172,index_cn,sh,100
880531,880531,2,武汉规划,887.9199829102,index_cn,sh,100
880532,880532,2,整体上市,1205.3499755859,index_cn,sh,100
880533,880533,2,物联网,1096.4699707031,index_cn,sh,100
880534,880534,2,锂电池,1036.4100341797,index_cn,sh,100
880535,880535,2,稀土永磁,425.4899902344,index_cn,sh,100
880536,880536,2,多晶硅,681.2100219727,index_cn,sh,100
880537,880537,2,核电核能,730.9899902344,index_cn,sh,100
880538,880538,2,参股金融,1074.5699462891,index_cn,sh,100
880539,880539,2,股权激励,1450.9499511719,index_cn,sh,100
880540,880540,2,创投概念,1133.3699951172,index_cn,sh,100
880542,880542,2,水利建设,1091.1600341797,index_cn,sh,100
880543,880543,2,外资背景,1467.4799804688,index_cn,sh,100
880544,880544,2,太阳能,1258.5899658203,index_cn,sh,100
880545,880545,2,云计算,1845.1800537109,index_cn,sh,100
880546,880546,2,卫星导航,1791.3699951172,index_cn,sh,100
880547,880547,2,电子支付,1683.8000488281,index_cn,sh,100
880548,880548,2,新三板,1475.0799560547,index_cn,sh,100
880549,880549,2,可燃冰,998.1699829102,index_cn,sh,100
880550,880550,2,保障房,1921.0699462891,index_cn,sh,100
880551,880551,2,涉矿概念,1072.0999755859,index_cn,sh,100
880552,880552,2,金融改革,1214.9699707031,index_cn,sh,100
880553,880553,2,页岩气,1056.4200439453,index_cn,sh,100
880554,880554,2,东亚自贸,1293.4899902344,index_cn,sh,100
880556,880556,2,IP变现,1101.4100341797,index_cn,sh,100
880557,880557,2,生物疫苗,2033.4300537109,index_cn,sh,100
880558,880558,2,节能,1295.6800537109,index_cn,sh,100
880560,880560,2,高端装备,976.3800048828,index_cn,sh,100
880562,880562,2,高校背景,1629.1400146484,index_cn,sh,100
880563,880563,2,食品安全,2224.5300292969,index_cn,sh,100
880564,880564,2,奢侈品,2808.8601074219,index_cn,sh,100
880565,880565,2,送转潜力,4570.1801757812,index_cn,sh,100
880566,880566,2,图们江,1295.5400390625,index_cn,sh,100
880567,880567,2,海南自贸,1434.0999755859,index_cn,sh,100
880568,880568,2,生物质能,1120.5400390625,index_cn,sh,100
880569,880569,2,3D打印,1779.4799804688,index_cn,sh,100
880570,880570,2,海水淡化,1390.5100097656,index_cn,sh,100
880571,880571,2,碳纤维,1432.4699707031,index_cn,sh,100
880572,880572,2,新零售,1158.9599609375,index_cn,sh,100
880573,880573,2,摘帽概念,1664.9899902344,index_cn,sh,100
880574,880574,2,苹果概念,1679.1800537109,index_cn,sh,100
880575,880575,2,地热能,1241.0100097656,index_cn,sh,100
880576,880576,2,重组股,2255.0300292969,index_cn,sh,100
880577,880577,2,安防服务,2772.75,index_cn,sh,100
880578,880578,2,建筑节能,2274.1398925781,index_cn,sh,100
880579,880579,2,生态农业,1328.1500244141,index_cn,sh,100
880580,880580,2,智能交通,2322.25,index_cn,sh,100
880581,880581,2,空气治理,1461.3199462891,index_cn,sh,100
880582,880582,2,风能,1022.1699829102,index_cn,sh,100
880583,880583,2,充电桩,1528.1999511719,index_cn,sh,100
880584,880584,2,石墨烯,1221.3399658203,index_cn,sh,100
880585,880585,2,风沙治理,946.4699707031,index_cn,sh,100
880586,880586,2,土地流转,1084.1199951172,index_cn,sh,100
880587,880587,2,聚氨酯,2061.1298828125,index_cn,sh,100
880588,880588,2,绿色照明,1171.1400146484,index_cn,sh,100
880589,880589,2,智能穿戴,1252.5,index_cn,sh,100
880590,880590,2,网络游戏,1189.2900390625,index_cn,sh,100
880591,880591,2,上海自贸,1504.0400390625,index_cn,sh,100
880592,880592,2,互联金融,1718.8599853516,index_cn,sh,100
880593,880593,2,婴童概念,1243.7399902344,index_cn,sh,100
880594,880594,2,一带一路,1388.7900390625,index_cn,sh,100
880595,880595,2,民营银行,1414.4899902344,index_cn,sh,100
880596,880596,2,体育概念,1158.9899902344,index_cn,sh,100
880597,880597,2,养老概念,1229.9300537109,index_cn,sh,100
880598,880598,2,博彩概念,815.4699707031,index_cn,sh,100
880599,880599,2,民营医院,1389.0899658203,index_cn,sh,100
880600,880600,2,油气改革,871.2100219727,index_cn,sh,100
880601,880601,2,种植业,813.9699707031,index_cn,sh,100
880602,880602,2,渔业,540.7899780273,index_cn,sh,100
880603,880603,2,林业,1130.6800537109,index_cn,sh,100
880604,880604,2,饲料,1209.2900390625,index_cn,sh,100
880605,880605,2,农产加工,423.1799926758,index_cn,sh,100
880606,880606,2,农业综合,799.0399780273,index_cn,sh,100
880607,880607,2,畜禽养殖,2014.5500488281,index_cn,sh,100
880608,880608,2,动物保健,3801.5700683594,index_cn,sh,100
880609,880609,2,石油开采,724.6500244141,index_cn,sh,100
880610,880610,2,煤炭开采,543.7800292969,index_cn,sh,100
880612,880612,2,采掘服务,871.2800292969,index_cn,sh,100
880613,880613,2,石油化工,1208.5100097656,index_cn,sh,100
880614,880614,2,化学原料,951.2700195312,index_cn,sh,100
880615,880615,2,化学制品,837.8599853516,index_cn,sh,100
880616,880616,2,化学纤维,1348.3399658203,index_cn,sh,100
880617,880617,2,塑料,757.5999755859,index_cn,sh,100
880618,880618,2,橡胶,812.4899902344,index_cn,sh,100
880619,880619,2,化工新材,1897.25,index_cn,sh,100
880620,880620,2,钢铁,819.5300292969,index_cn,sh,100
880621,880621,2,有色金属,498.4700012207,index_cn,sh,100
880622,880622,2,金属新材,866.299987793,index_cn,sh,100
880623,880623,2,建筑材料,935.2700195312,index_cn,sh,100
880624,880624,2,建筑装饰,1287.5999755859,index_cn,sh,100
880625,880625,2,通用机械,676.450012207,index_cn,sh,100
880626,880626,2,专用设备,655.4799804688,index_cn,sh,100
880627,880627,2,仪器仪表,1956.1899414062,index_cn,sh,100
880628,880628,2,电气设备,778.8599853516,index_cn,sh,100
880629,880629,2,金属制品,901.7100219727,index_cn,sh,100
880630,880630,2,半导体,887.7899780273,index_cn,sh,100
880631,880631,2,元件,1233.1999511719,index_cn,sh,100
880632,880632,2,光学光电,1029.4499511719,index_cn,sh,100
880633,880633,2,其他电子,2428.6201171875,index_cn,sh,100
880634,880634,2,电子制造,661.1500244141,index_cn,sh,100
880635,880635,2,汽车整车,1379.4000244141,index_cn,sh,100
880636,880636,2,汽车部件,1291.1400146484,index_cn,sh,100
880637,880637,2,其它交运,953.8099975586,index_cn,sh,100
880638,880638,2,交运服务,841.6400146484,index_cn,sh,100
880639,880639,2,通信设备,1148.2900390625,index_cn,sh,100
880640,880640,2,电脑设备,1469.1700439453,index_cn,sh,100
880641,880641,2,白色家电,3048.4899902344,index_cn,sh,100
880642,880642,2,视听器材,915.5900268555,index_cn,sh,100
880643,880643,2,食品加工,2089.8601074219,index_cn,sh,100
880644,880644,2,饮料制造,1899.1400146484,index_cn,sh,100
880645,880645,2,纺织制造,903.0,index_cn,sh,100
880646,880646,2,服装家纺,960.9099731445,index_cn,sh,100
880647,880647,2,造纸,1040.2099609375,index_cn,sh,100
880648,880648,2,包装印刷,1233.6400146484,index_cn,sh,100
880649,880649,2,家用轻工,1651.1300048828,index_cn,sh,100
880650,880650,2,其他轻工,1736.6899414062,index_cn,sh,100
880651,880651,2,化学制药,1621.1800537109,index_cn,sh,100
880652,880652,2,中药,1384.5699462891,index_cn,sh,100
880653,880653,2,生物制品,2388.1999511719,index_cn,sh,100
880654,880654,2,医药商业,1504.0200195312,index_cn,sh,100
880655,880655,2,医疗器械,1795.0999755859,index_cn,sh,100
880656,880656,2,医疗服务,3881.8000488281,index_cn,sh,100
880657,880657,2,电力,1154.9799804688,index_cn,sh,100
880658,880658,2,水务,912.3499755859,index_cn,sh,100
880659,880659,2,燃气,711.4000244141,index_cn,sh,100
880660,880660,2,环保工程,1266.5899658203,index_cn,sh,100
880661,880661,2,港口,1262.8599853516,index_cn,sh,100
880662,880662,2,高速公路,1108.9300537109,index_cn,sh,100
880663,880663,2,公交,770.9600219727,index_cn,sh,100
880664,880664,2,航空运输,826.6199951172,index_cn,sh,100
880665,880665,2,机场,2705.2299804688,index_cn,sh,100
880666,880666,2,航运,539.8499755859,index_cn,sh,100
880667,880667,2,铁路运输,1189.2700195312,index_cn,sh,100
880668,880668,2,物流,1891.5899658203,index_cn,sh,100
880669,880669,2,房产开发,1279.4300537109,index_cn,sh,100
880670,880670,2,园区开发,1162.2199707031,index_cn,sh,100
880671,880671,2,银行,1710.5100097656,index_cn,sh,100
880672,880672,2,多元金融,1137.6500244141,index_cn,sh,100
880673,880673,2,证券,941.9000244141,index_cn,sh,100
880674,880674,2,保险,1602.3900146484,index_cn,sh,100
880675,880675,2,零售,722.299987793,index_cn,sh,100
880676,880676,2,贸易,725.8499755859,index_cn,sh,100
880677,880677,2,景点,1295.7199707031,index_cn,sh,100
880678,880678,2,酒店,839.0399780273,index_cn,sh,100
880679,880679,2,旅游综合,2081.8701171875,index_cn,sh,100
880680,880680,2,餐饮,827.3800048828,index_cn,sh,100
880681,880681,2,通信运营,999.5200195312,index_cn,sh,100
880682,880682,2,网络服务,1847.0999755859,index_cn,sh,100
880683,880683,2,电脑应用,2057.830078125,index_cn,sh,100
880684,880684,2,传媒,1179.9699707031,index_cn,sh,100
880685,880685,2,综合,791.3200073242,index_cn,sh,100
880801,880801,2,基金重仓,1428.4300537109,index_cn,sh,100
880802,880802,2,QFII重仓,1567.6700439453,index_cn,sh,100
880803,880803,2,券商重仓,1195.6700439453,index_cn,sh,100
880804,880804,2,信托重仓,902.4600219727,index_cn,sh,100
880805,880805,2,保险重仓,1356.1800537109,index_cn,sh,100
880806,880806,2,社保重仓,1353.5400390625,index_cn,sh,100
880807,880807,2,高管增持,1013.4799804688,index_cn,sh,100
880808,880808,2,高管减持,3125.4299316406,index_cn,sh,100
880809,880809,2,基金独门,1655.6800537109,index_cn,sh,100
880810,880810,2,陆股通买,915.4799804688,index_cn,sh,100
880811,880811,2,陆股通卖,784.299987793,index_cn,sh,100
880812,880812,2,昨日连板,3625.0600585938,index_cn,sh,100
880813,880813,2,重组预案,847.799987793,index_cn,sh,100
880821,880821,2,大盘股,1198.4399414062,index_cn,sh,100
880823,880823,2,小盘股,727.1199951172,index_cn,sh,100
880824,880824,2,高市盈率,472.6300048828,index_cn,sh,100
880826,880826,2,低市盈率,1466.3000488281,index_cn,sh,100
880827,880827,2,高市净率,825.0300292969,index_cn,sh,100
880829,880829,2,低市净率,1455.9000244141,index_cn,sh,100
880833,880833,2,亏损股,424.0199890137,index_cn,sh,100
880834,880834,2,微利股,851.6599731445,index_cn,sh,100
880835,880835,2,绩优股,1367.3599853516,index_cn,sh,100
880836,880836,2,配股股,1094.3100585938,index_cn,sh,100
880837,880837,2,活跃股,23.5599994659,index_cn,sh,100
880842,880842,2,业绩预升,2397.6799316406,index_cn,sh,100
880843,880843,2,业绩预降,625.9000244141,index_cn,sh,100
880844,880844,2,预计扭亏,2491.6201171875,index_cn,sh,100
880845,880845,2,高股息股,2472.6101074219,index_cn,sh,100
880846,880846,2,破净资产,4627.9501953125,index_cn,sh,100
880847,880847,2,行业龙头,1760.3100585938,index_cn,sh,100
880848,880848,2,被举牌,1660.8299560547,index_cn,sh,100
880849,880849,2,股份回购,1493.0699462891,index_cn,sh,100
880850,880850,2,定增预案,1173.2099609375,index_cn,sh,100
880851,880851,2,已高送转,664.8400268555,index_cn,sh,100
880852,880852,2,参股新股,1348.2099609375,index_cn,sh,100
880853,880853,2,中字头,725.5900268555,index_cn,sh,100
880854,880854,2,预高送转,3293.1201171875,index_cn,sh,100
880856,880856,2,定增股,709.8300170898,index_cn,sh,100
880857,880857,2,证金持股,777.7100219727,index_cn,sh,100
880858,880858,2,国开持股,709.7700195312,index_cn,sh,100
880859,880859,2,员工持股,923.9799804688,index_cn,sh,100
880860,880860,2,扣非亏损,594.7899780273,index_cn,sh,100
880861,880861,2,连续亏损,396.9899902344,index_cn,sh,100
880863,880863,2,昨日涨停,15369.8603515625,index_cn,sh,100
880864,880864,2,昨日振荡,512.1199989319,index_cn,sh,100
880865,880865,2,近期新高,904.0399780273,index_cn,sh,100
880866,880866,2,近期新低,213.6399993896,index_cn,sh,100
880867,880867,2,昨高换手,192.1800003052,index_cn,sh,100
880868,880868,2,高贝塔值,692.4400024414,index_cn,sh,100
880869,880869,2,股权转让,640.3599853516,index_cn,sh,100
880870,880870,2,两年新股,630.3200073242,index_cn,sh,100
880871,880871,2,股权分散,686.9000244141,index_cn,sh,100
880872,880872,2,最近复牌,328.0399999619,index_cn,sh,100
880873,880873,2,个人持股,562.0700073242,index_cn,sh,100
880874,880874,2,昨曾涨停,212.1399993896,index_cn,sh,100
880875,880875,2,中小银行,815.7299804688,index_cn,sh,100
880876,880876,2,户数增加,676.9199829102,index_cn,sh,100
880877,880877,2,户数减少,925.5300292969,index_cn,sh,100
880878,880878,2,百元股,644.6300048828,index_cn,sh,100
880879,880879,2,低价股,728.2100219727,index_cn,sh,100
880880,880880,2,上周强势,525.9000244141,index_cn,sh,100
880881,880881,2,上周弱势,538.3200073242,index_cn,sh,100
880882,880882,2,久不分红,649.0800170898,index_cn,sh,100
880883,880883,2,MSCI成份,984.2700195312,index_cn,sh,100
880884,880884,2,近期异动,223.9900054932,index_cn,sh,100
880885,880885,2,次新开板,167.6699981689,index_cn,sh,100
880886,880886,2,昨日较强,531.7100219727,index_cn,sh,100
880887,880887,2,次新超跌,748.4400024414,index_cn,sh,100
880889,880889,2,不活跃股,889.6500244141,index_cn,sh,100
880890,880890,2,配股预案,741.6799926758,index_cn,sh,100
880891,880891,2,破发行价,756.0800170898,index_cn,sh,100
880892,880892,2,高质押股,734.6400146484,index_cn,sh,100
880893,880893,2,送转超跌,755.3099975586,index_cn,sh,100
880894,880894,2,养老金,857.1500244141,index_cn,sh,100
880895,880895,2,持续增长,896.950012207,index_cn,sh,100
880896,880896,2,风险提示,720.5900268555,index_cn,sh,100
880897,880897,2,本月解禁,751.6599731445,index_cn,sh,100
880901,880901,2,信息安全,2005.9300537109,index_cn,sh,100
880902,880902,2,特斯拉,1319.6600341797,index_cn,sh,100
880903,880903,2,水域改革,847.4699707031,index_cn,sh,100
880904,880904,2,智能机器,2058.2099609375,index_cn,sh,100
880905,880905,2,超导概念,997.6900024414,index_cn,sh,100
880906,880906,2,智能家居,1509.2800292969,index_cn,sh,100
880907,880907,2,蓝宝石,1291.7099609375,index_cn,sh,100
880908,880908,2,在线教育,848.1400146484,index_cn,sh,100
880909,880909,2,燃料电池,906.6699829102,index_cn,sh,100
880910,880910,2,草甘膦,1188.4399414062,index_cn,sh,100
880911,880911,2,雄安新区,1254.8699951172,index_cn,sh,100
880912,880912,2,电商概念,1207.7700195312,index_cn,sh,100
880913,880913,2,基因概念,1374.9699707031,index_cn,sh,100
880915,880915,2,职业教育,937.5,index_cn,sh,100
880916,880916,2,国产软件,1281.8199462891,index_cn,sh,100
880917,880917,2,央企改革,1389.1400146484,index_cn,sh,100
880918,880918,2,全息概念,1293.1600341797,index_cn,sh,100
880919,880919,2,粤港澳,1148.9599609375,index_cn,sh,100
880920,880920,2,免疫治疗,1131.2700195312,index_cn,sh,100
880921,880921,2,阿里概念,927.2399902344,index_cn,sh,100
880922,880922,2,钛金属,861.2700195312,index_cn,sh,100
880923,880923,2,赛马概念,733.700012207,index_cn,sh,100
880925,880925,2,特钢,1061.8100585938,index_cn,sh,100
880926,880926,2,固废处理,794.0399780273,index_cn,sh,100
880927,880927,2,抗癌,1292.9200439453,index_cn,sh,100
880928,880928,2,抗流感,1153.5699462891,index_cn,sh,100
880929,880929,2,维生素,1093.5699462891,index_cn,sh,100
880930,880930,2,汽车电子,1039.8900146484,index_cn,sh,100
880931,880931,2,装饰园林,868.4600219727,index_cn,sh,100
880932,880932,2,农村金融,913.0100097656,index_cn,sh,100
880933,880933,2,智能医疗,958.4000244141,index_cn,sh,100
880935,880935,2,智能电视,570.2800292969,index_cn,sh,100
880936,880936,2,猪肉,1146.0600585938,index_cn,sh,100
880937,880937,2,网贷概念,933.9600219727,index_cn,sh,100
880938,880938,2,污水处理,796.950012207,index_cn,sh,100
880939,880939,2,无人机,430.3099975586,index_cn,sh,100
880940,880940,2,PPP模式,443.7799987793,index_cn,sh,100
880941,880941,2,跨境电商,585.299987793,index_cn,sh,100
880942,880942,2,虚拟现实,576.9600219727,index_cn,sh,100
880943,880943,2,量子通信,842.5900268555,index_cn,sh,100
880944,880944,2,无人驾驶,743.9400024414,index_cn,sh,100
880945,880945,2,OLED概念,849.5399780273,index_cn,sh,100
880946,880946,2,区块链,671.1500244141,index_cn,sh,100
880947,880947,2,债转股,576.1599731445,index_cn,sh,100
880948,880948,2,人工智能,762.3499755859,index_cn,sh,100
880949,880949,2,智慧城市,697.6900024414,index_cn,sh,100
880950,880950,2,军民融合,736.2800292969,index_cn,sh,100
880951,880951,2,新能源车,722.3400268555,index_cn,sh,100
880952,880952,2,芯片,814.4299926758,index_cn,sh,100
880953,880953,2,租购同权,598.0300292969,index_cn,sh,100
880954,880954,2,大数据,830.4099731445,index_cn,sh,100
880955,880955,2,乡村振兴,802.6099853516,index_cn,sh,100
880956,880956,2,腾讯概念,824.8900146484,index_cn,sh,100
880957,880957,2,工业互联,785.7899780273,index_cn,sh,100
880958,880958,2,独角兽,755.2700195312,index_cn,sh,100
880959,880959,2,知识产权,771.8200073242,index_cn,sh,100
880960,880960,2,仿制药,804.700012207,index_cn,sh,100
880961,880961,2,小米概念,759.0100097656,index_cn,sh,100
880962,880962,2,百度概念,761.3599853516,index_cn,sh,100
880981,880981,2,TDX 能源,1126.9899902344,index_cn,sh,100
880982,880982,2,TDX 材料,1304.6500244141,index_cn,sh,100
880983,880983,2,TDX 消费,1948.6700439453,index_cn,sh,100
880984,880984,2,TDX 可选,1892.1400146484,index_cn,sh,100
880985,880985,2,TDX 商贸,1378.6899414062,index_cn,sh,100
880986,880986,2,TDX 服务,1407.4100341797,index_cn,sh,100
880987,880987,2,TDX 制造,1363.3100585938,index_cn,sh,100
880988,880988,2,TDX 公用,1190.9000244141,index_cn,sh,100
880989,880989,2,TDX 交运,1562.1099853516,index_cn,sh,100
880990,880990,2,TDX 金融,1627.8900146484,index_cn,sh,100
880991,880991,2,TDX 建设,1582.4599609375,index_cn,sh,100
880992,880992,2,TDX 信息,2011.9200439453,index_cn,sh,100
880993,880993,2,TDX 综企,997.3499755859,index_cn,sh,100
